Match_ID,Date,Round,Home,Away,Home_Goals,Away_Goals,Goal_Difference,Rank_Diff,Age_Diff,Goals_For_Avg_Diff,Goals_Against_Avg_Diff,Win_Rate_Diff,Draw_Rate_Diff,Clean_Sheet_Rate_Diff,Last_Match_GD_Diff
1,2026-06-11,Group stage,Mexico,South Africa,2,0,2,-46,1.1999999999999993,0,0,0,0,0,0
2,2026-06-11,Group stage,South Korea,Czechia,2,1,1,-15,0.3000000000000007,0,0,0,0,0,0
3,2026-06-12,Group stage,Canada,Bosnia and Herzegovina,1,1,0,-34,0.5,0,0,0,0,0,0
4,2026-06-12,Group stage,United States,Paraguay,4,1,3,-24,-2.1000000000000014,0,0,0,0,0,0
5,2026-06-13,Group stage,Qatar,Switzerland,1,1,0,37,1.0999999999999979,0,0,0,0,0,0
6,2026-06-13,Group stage,Brazil,Morocco,1,1,0,-1,2.8000000000000007,0,0,0,0,0,0
7,2026-06-13,Group stage,Australia,Türkiye,2,0,2,5,-0.3000000000000007,0,0,0,0,0,0
8,2026-06-13,Group stage,Haiti,Scotland,0,1,-1,41,-1.5999999999999979,0,0,0,0,0,0
9,2026-06-14,Group stage,Germany,Curaçao,7,1,6,-72,0.0,0,0,0,0,0,0
10,2026-06-14,Group stage,Netherlands,Japan,2,2,0,-10,0.10000000000000142,0,0,0,0,0,0
11,2026-06-14,Group stage,Ivory Coast,Ecuador,1,0,1,10,-0.3000000000000007,0,0,0,0,0,0
12,2026-06-14,Group stage,Sweden,Tunisia,5,1,4,-7,0.8000000000000007,0,0,0,0,0,0
13,2026-06-15,Group stage,Belgium,Egypt,1,1,0,-20,-1.5999999999999979,0,0,0,0,0,0
14,2026-06-15,Group stage,Spain,Cape Verde,0,0,0,-65,-3.0,0,0,0,0,0,0
15,2026-06-15,Group stage,Saudi Arabia,Uruguay,1,1,0,45,-0.1999999999999993,0,0,0,0,0,0
16,2026-06-15,Group stage,Iran,New Zealand,2,2,0,-65,2.1999999999999993,0,0,0,0,0,0
17,2026-06-16,Group stage,France,Senegal,3,1,2,-12,0.0,0,0,0,0,0,0
18,2026-06-16,Group stage,Iraq,Norway,1,4,-3,26,0.3999999999999986,0,0,0,0,0,0
19,2026-06-16,Group stage,Argentina,Algeria,3,0,3,-27,2.1000000000000014,0,0,0,0,0,0
20,2026-06-16,Group stage,Austria,Jordan,3,1,2,-39,0.0,0,0,0,0,0,0
21,2026-06-17,Group stage,Portugal,DR Congo,1,1,0,-41,-1.0,0,0,0,0,0,0
22,2026-06-17,Group stage,England,Croatia,4,2,2,-7,-1.2999999999999972,0,0,0,0,0,0
23,2026-06-17,Group stage,Ghana,Panama,1,0,1,39,-3.6000000000000014,0,0,0,0,0,0
24,2026-06-17,Group stage,Uzbekistan,Colombia,1,3,-2,37,-1.6000000000000014,0,0,0,0,0,0
25,2026-06-18,Group stage,Czechia,South Africa,1,1,0,-20,0.8999999999999986,1.0,0.0,0.0,0.0,0.0,1
26,2026-06-18,Group stage,Switzerland,Bosnia and Herzegovina,4,1,3,-45,1.9000000000000021,0.0,0.0,0.0,0.0,0.0,0
27,2026-06-18,Group stage,Canada,Qatar,6,0,6,-26,-2.5,0.0,0.0,0.0,0.0,0.0,0
28,2026-06-18,Group stage,Mexico,South Korea,1,0,1,-11,0.0,0.0,-1.0,0.0,0.0,1.0,1
29,2026-06-19,Group stage,United States,Australia,2,0,2,-10,-0.5,2.0,1.0,0.0,0.0,-1.0,1
30,2026-06-19,Group stage,Scotland,Morocco,0,1,-1,35,2.8000000000000007,0.0,-1.0,1.0,-1.0,1.0,1
31,2026-06-19,Group stage,Türkiye,Paraguay,0,1,-1,-19,-1.3000000000000007,-1.0,-2.0,0.0,0.0,0.0,1
32,2026-06-19,Group stage,Brazil,Haiti,3,0,3,-77,1.5999999999999979,1.0,0.0,0.0,1.0,0.0,1
33,2026-06-20,Group stage,Netherlands,Sweden,5,1,4,-30,0.3000000000000007,-3.0,1.0,-1.0,1.0,0.0,-4
34,2026-06-20,Group stage,Germany,Ivory Coast,2,1,1,-23,2.1999999999999993,6.0,1.0,0.0,0.0,-1.0,5
35,2026-06-20,Group stage,Ecuador,Curaçao,0,0,0,-59,-1.8999999999999986,-1.0,-6.0,0.0,0.0,0.0,5
36,2026-06-20,Group stage,Tunisia,Japan,0,4,-4,27,-1.0,-1.0,3.0,0.0,-1.0,0.0,-4
37,2026-06-21,Group stage,Spain,Saudi Arabia,4,0,4,-59,-1.8000000000000007,-1.0,-1.0,0.0,0.0,1.0,0
38,2026-06-21,Group stage,Belgium,Iran,0,0,0,-11,-2.6999999999999993,-1.0,-1.0,0.0,0.0,0.0,0
39,2026-06-21,Group stage,Uruguay,Cape Verde,2,2,0,-51,-1.0,1.0,1.0,0.0,0.0,-1.0,0
40,2026-06-21,Group stage,New Zealand,Egypt,1,3,-2,56,-1.0999999999999979,1.0,1.0,0.0,0.0,0.0,0
41,2026-06-22,Group stage,Argentina,Austria,2,0,2,-23,0.5,0.0,-1.0,0.0,0.0,1.0,1
42,2026-06-22,Group stage,France,Iraq,3,0,3,-54,-0.09999999999999787,2.0,-3.0,1.0,0.0,0.0,5
43,2026-06-22,Group stage,Norway,Senegal,3,2,1,16,-0.3000000000000007,3.0,-2.0,1.0,0.0,0.0,5
44,2026-06-22,Group stage,Jordan,Algeria,1,2,-1,35,1.6000000000000014,1.0,0.0,0.0,0.0,0.0,1
45,2026-06-23,Group stage,Portugal,Uzbekistan,5,0,5,-45,-0.5,0.0,-2.0,0.0,1.0,0.0,2
46,2026-06-23,Group stage,England,Ghana,0,0,0,-69,0.20000000000000284,3.0,2.0,0.0,0.0,-1.0,1
47,2026-06-23,Group stage,Panama,Croatia,0,1,-1,23,2.1000000000000014,-2.0,-3.0,0.0,0.0,0.0,1
48,2026-06-23,Group stage,Colombia,DR Congo,1,0,1,-33,1.1000000000000014,2.0,0.0,1.0,-1.0,0.0,2
49,2026-06-24,Group stage,Switzerland,Canada,2,1,1,-11,1.4000000000000021,-1.0,0.5,0.0,0.0,-0.5,-3
50,2026-06-24,Group stage,Bosnia and Herzegovina,Qatar,3,1,2,8,-3.0,0.5,-1.0,0.0,0.0,0.0,3
51,2026-06-24,Group stage,Scotland,Brazil,0,3,-3,36,0.0,-1.5,0.0,0.0,-0.5,0.0,-4
52,2026-06-24,Group stage,Morocco,Haiti,4,2,2,-76,-1.2000000000000028,1.0,-1.5,0.5,0.5,0.5,4
53,2026-06-24,Group stage,South Africa,South Korea,1,0,1,35,-1.1999999999999993,-0.5,0.5,-0.5,0.5,0.0,1
54,2026-06-24,Group stage,Czechia,Mexico,0,3,-3,26,-0.3000000000000007,-0.5,1.5,-1.0,0.5,-1.0,-1
55,2026-06-25,Group stage,Curaçao,Ivory Coast,0,2,-2,49,2.1999999999999993,-0.5,2.5,-0.5,0.5,0.0,1
56,2026-06-25,Group stage,Ecuador,Germany,2,1,1,13,-1.8999999999999986,-4.5,-0.5,-1.0,0.5,0.5,-1
57,2026-06-25,Group stage,Tunisia,Netherlands,1,3,-2,37,-1.1000000000000014,-3.0,3.0,-0.5,-0.5,0.0,-8
58,2026-06-25,Group stage,Japan,Sweden,1,1,0,-20,0.1999999999999993,0.0,-2.0,0.0,0.5,0.5,8
59,2026-06-25,Group stage,Türkiye,United States,3,2,1,5,0.8000000000000007,-3.0,1.0,-1.0,0.0,-0.5,-3
60,2026-06-25,Group stage,Paraguay,Australia,0,0,0,14,1.6000000000000014,0.0,1.0,0.0,0.0,0.0,3
61,2026-06-26,Group stage,Norway,France,1,4,-3,28,-0.3000000000000007,0.5,1.0,0.0,0.0,-0.5,-2
62,2026-06-26,Group stage,Senegal,Iraq,5,0,5,-42,-0.09999999999999787,1.0,-0.5,0.0,0.0,0.0,2
63,2026-06-26,Group stage,Uruguay,Spain,0,1,-1,14,2.0,-0.5,1.5,-0.5,0.5,-1.0,-4
64,2026-06-26,Group stage,Cape Verde,Saudi Arabia,0,0,0,6,1.1999999999999993,0.5,-1.5,0.0,0.5,0.5,4
65,2026-06-26,Group stage,Egypt,Iran,1,1,0,9,-1.1000000000000014,1.0,0.0,0.5,-0.5,-0.5,2
66,2026-06-26,Group stage,New Zealand,Belgium,1,5,-4,76,0.5,1.0,2.0,0.0,-0.5,-0.5,-2
67,2026-06-27,Group stage,Croatia,Ghana,2,1,1,-62,1.5,1.0,2.0,0.0,-0.5,-0.5,1
68,2026-06-27,Group stage,Panama,England,0,2,-2,30,3.3999999999999986,-2.0,0.0,-0.5,-0.5,-0.5,-1
69,2026-06-27,Group stage,DR Congo,Uzbekistan,3,1,2,-4,0.5,0.0,-3.0,0.0,0.5,0.0,4
70,2026-06-27,Group stage,Colombia,Portugal,0,0,0,8,2.1000000000000014,-1.0,0.0,0.5,-0.5,0.0,-4
71,2026-06-27,Group stage,Jordan,Argentina,1,3,-2,62,-0.5,-1.5,2.5,-1.0,0.0,-1.0,-3
72,2026-06-27,Group stage,Algeria,Austria,3,3,0,4,-1.6000000000000014,-0.5,0.5,0.0,0.0,0.0,3
73,2026-06-28,Round of 32,South Africa,Canada,0,1,-1,30,-0.09999999999999787,-2.0,0.0,0.0,0.0,0.0,2
74,2026-06-29,Round of 32,Brazil,Japan,2,1,1,-12,1.5,0.0,-0.6666666666666667,0.3333333333333333,-0.3333333333333333,0.3333333333333333,3
75,2026-06-29,Round of 32,Germany,Paraguay,1,1,0,-31,-1.0,2.666666666666667,0.0,0.3333333333333333,-0.3333333333333333,-0.6666666666666666,-1
76,2026-06-29,Round of 32,Netherlands,Morocco,1,1,0,1,1.4000000000000021,1.3333333333333335,0.33333333333333326,0.0,0.0,-0.3333333333333333,0
77,2026-06-30,Round of 32,Ivory Coast,Norway,1,2,-1,2,-1.0,-1.3333333333333333,-1.666666666666667,0.0,0.0,0.6666666666666666,5
78,2026-06-30,Round of 32,France,Sweden,3,0,3,-35,-0.3999999999999986,1.0,-1.666666666666667,0.6666666666666667,-0.3333333333333333,0.3333333333333333,3
79,2026-06-30,Round of 32,Mexico,Ecuador,2,0,2,-9,1.8999999999999986,1.3333333333333335,-0.6666666666666666,0.6666666666666667,-0.3333333333333333,0.6666666666666667,2
80,2026-07-01,Round of 32,England,DR Congo,2,1,1,-42,-1.8999999999999986,0.6666666666666667,-0.33333333333333337,0.3333333333333333,0.0,0.6666666666666666,0
81,2026-07-01,Round of 32,Belgium,Senegal,3,2,1,-6,0.5,-0.6666666666666665,-1.3333333333333335,0.0,0.6666666666666666,0.0,-1
82,2026-07-01,Round of 32,United States,Bosnia and Herzegovina,2,0,2,-47,0.5,0.9999999999999998,-0.6666666666666667,0.3333333333333333,-0.3333333333333333,0.3333333333333333,-3
83,2026-07-02,Round of 32,Spain,Austria,3,0,3,-22,-1.9000000000000021,-0.33333333333333326,-2.0,0.3333333333333333,0.0,1.0,1
84,2026-07-02,Round of 32,Portugal,Croatia,2,1,1,-6,-0.3999999999999986,0.33333333333333326,-1.3333333333333335,-0.3333333333333333,0.6666666666666666,0.3333333333333333,-1
85,2026-07-02,Round of 32,Switzerland,Algeria,2,0,2,-9,1.3000000000000007,0.6666666666666667,-1.3333333333333335,0.3333333333333333,0.0,0.0,1
86,2026-07-03,Round of 32,Australia,Egypt,1,1,0,-2,-1.8000000000000007,-1.0,-0.33333333333333337,0.0,-0.3333333333333333,0.6666666666666666,0
87,2026-07-03,Round of 32,Argentina,Cape Verde,3,2,1,-66,-0.5999999999999979,2.0,-0.3333333333333333,1.0,-1.0,0.0,2
88,2026-07-03,Round of 32,Colombia,Ghana,1,0,1,-60,3.200000000000003,0.6666666666666666,-0.3333333333333333,0.3333333333333333,0.0,0.0,1
89,2026-07-04,Round of 16,Canada,Morocco,0,3,-3,23,0.5,0.5,-0.25,0.0,-0.25,0.25,1
90,2026-07-04,Round of 16,Paraguay,France,0,1,-1,38,1.8999999999999986,-2.5,0.75,-0.75,0.5,0.0,-3
91,2026-07-05,Round of 16,Brazil,Norway,1,2,-1,-25,2.3999999999999986,-0.25,-1.5,0.0,0.25,0.5,0
92,2026-07-05,Round of 16,Mexico,England,2,3,-1,10,0.8999999999999986,0.0,-0.75,0.25,-0.25,0.5,1
93,2026-07-06,Round of 16,Portugal,Spain,0,1,-1,3,1.3000000000000007,0.0,0.5,-0.25,0.25,-0.5,-2
94,2026-07-06,Round of 16,United States,Belgium,1,4,-3,8,-0.7000000000000028,0.25,0.0,0.25,-0.5,0.25,1
95,2026-07-07,Round of 16,Argentina,Egypt,3,2,1,-28,-0.09999999999999787,1.25,-0.25,0.75,-0.75,0.5,1
96,2026-07-07,Round of 16,Switzerland,Colombia,0,0,0,6,-1.8000000000000007,1.0,0.5,0.0,0.0,-0.5,1
97,2026-07-09,Quarter-finals,France,Morocco,2,0,2,-4,0.7000000000000028,0.7999999999999998,-0.4,0.4,-0.4,0.19999999999999996,-2
98,2026-07-10,Quarter-finals,Spain,Belgium,2,1,1,-7,-0.9000000000000021,-0.8,-1.0,0.20000000000000007,-0.2,0.8,-2
99,2026-07-11,Quarter-finals,Norway,England,1,2,-1,27,-0.3000000000000007,0.19999999999999973,0.8,0.0,-0.2,-0.4,0
100,2026-07-11,Quarter-finals,Argentina,Switzerland,3,1,2,-18,0.8000000000000007,0.9999999999999998,0.4,0.4,-0.4,0.0,1
101,2026-07-14,Semi-finals,France,Spain,0,2,-2,1,0.40000000000000213,0.8333333333333333,0.16666666666666666,0.16666666666666663,-0.16666666666666666,-0.16666666666666674,1
102,2026-07-15,Semi-finals,England,Argentina,1,2,-1,3,-2.0,-0.666666666666667,0.0,-0.16666666666666663,0.16666666666666666,0.0,-1
103,2026-07-18,Third-place match,France,England,4,6,-2,-1,0.0,0.2857142857142856,-0.5714285714285714,0.1428571428571428,-0.14285714285714285,0.2857142857142857,-1
104,2026-07-19,Final,Spain,Argentina,1,0,1,1,-2.400000000000002,-0.8571428571428572,-0.8571428571428572,-0.1428571428571429,0.14285714285714285,0.5714285714285714,1
